tcrRes,tcrNum,tcrName,mhcRes,mhcNum,mhcName,distance,loop,mhc_chain
ASP,27,OD2,ASP,53,OD2,0.5316979289054871,cdr1a,mhc_alpha
ASN,31,CB,ARG,84,CZ,0.5467793345451355,cdr1a,mhc_beta
ASN,31,CB,ARG,84,NH2,0.41636398434638977,cdr1a,mhc_beta
ASN,31,CG,ARG,84,CZ,0.5477570295333862,cdr1a,mhc_beta
ASN,31,CG,ARG,84,NH2,0.41660305857658386,cdr1a,mhc_beta
ASN,31,OD1,ARG,84,NH2,0.5342282056808472,cdr1a,mhc_beta
ASN,31,ND2,ARG,84,NE,0.4938691556453705,cdr1a,mhc_beta
ASN,31,ND2,ARG,84,CZ,0.4450117349624634,cdr1a,mhc_beta
ASN,31,ND2,ARG,84,NH1,0.5477806329727173,cdr1a,mhc_beta
ASN,31,ND2,ARG,84,NH2,0.32046937942504883,cdr1a,mhc_beta
ARG,51,NH1,ARG,84,NH2,0.5969810485839844,cdr2a,mhc_beta
SER,52,OG,ARG,84,NH2,0.5421819686889648,cdr2a,mhc_beta
GLN,75,CB,ARG,59,CG,0.5576944947242737,cdr2b,mhc_alpha
GLN,75,CB,ALA,62,CB,0.3867599368095398,cdr2b,mhc_alpha
GLN,75,CB,VAL,63,CB,0.48204028606414795,cdr2b,mhc_alpha
GLN,75,CB,VAL,63,CG1,0.57257080078125,cdr2b,mhc_alpha
GLN,75,CB,VAL,63,CG2,0.3732413053512573,cdr2b,mhc_alpha
GLN,75,CG,ARG,59,CB,0.551030158996582,cdr2b,mhc_alpha
GLN,75,CG,ARG,59,CG,0.45077940821647644,cdr2b,mhc_alpha
GLN,75,CG,ARG,59,CD,0.5428696274757385,cdr2b,mhc_alpha
GLN,75,CG,ARG,59,NE,0.5024130344390869,cdr2b,mhc_alpha
GLN,75,CG,ARG,59,CZ,0.4937787652015686,cdr2b,mhc_alpha
GLN,75,CG,ARG,59,NH1,0.5245817303657532,cdr2b,mhc_alpha
GLN,75,CG,ARG,59,NH2,0.5093801021575928,cdr2b,mhc_alpha
GLN,75,CG,ALA,62,CB,0.4767328202724457,cdr2b,mhc_alpha
GLN,75,CG,VAL,63,CB,0.5207722783088684,cdr2b,mhc_alpha
GLN,75,CG,VAL,63,CG2,0.38322514295578003,cdr2b,mhc_alpha
GLN,75,CD,ARG,59,CG,0.5158361792564392,cdr2b,mhc_alpha
GLN,75,CD,ARG,59,CD,0.5713256597518921,cdr2b,mhc_alpha
GLN,75,CD,ARG,59,NE,0.4947378933429718,cdr2b,mhc_alpha
GLN,75,CD,ARG,59,CZ,0.4546855390071869,cdr2b,mhc_alpha
GLN,75,CD,ARG,59,NH1,0.4925309717655182,cdr2b,mhc_alpha
GLN,75,CD,ARG,59,NH2,0.4334818720817566,cdr2b,mhc_alpha
GLN,75,CD,VAL,63,CB,0.537578821182251,cdr2b,mhc_alpha
GLN,75,CD,VAL,63,CG1,0.5906118154525757,cdr2b,mhc_alpha
GLN,75,CD,VAL,63,CG2,0.3955114781856537,cdr2b,mhc_alpha
GLN,75,OE1,ARG,59,NE,0.5667305588722229,cdr2b,mhc_alpha
GLN,75,OE1,ARG,59,CZ,0.5015036463737488,cdr2b,mhc_alpha
GLN,75,OE1,ARG,59,NH1,0.515238881111145,cdr2b,mhc_alpha
GLN,75,OE1,ARG,59,NH2,0.47226834297180176,cdr2b,mhc_alpha
GLN,75,OE1,VAL,63,CB,0.4822220504283905,cdr2b,mhc_alpha
GLN,75,OE1,VAL,63,CG1,0.5090630054473877,cdr2b,mhc_alpha
GLN,75,OE1,VAL,63,CG2,0.3548862636089325,cdr2b,mhc_alpha
GLN,75,NE2,ARG,59,CG,0.5164388418197632,cdr2b,mhc_alpha
GLN,75,NE2,ARG,59,CD,0.5527700781822205,cdr2b,mhc_alpha
GLN,75,NE2,ARG,59,NE,0.4534442126750946,cdr2b,mhc_alpha
GLN,75,NE2,ARG,59,CZ,0.4220982491970062,cdr2b,mhc_alpha
GLN,75,NE2,ARG,59,NH1,0.49252021312713623,cdr2b,mhc_alpha
GLN,75,NE2,ARG,59,NH2,0.3751060664653778,cdr2b,mhc_alpha
GLN,75,NE2,VAL,63,CG2,0.5035989284515381,cdr2b,mhc_alpha
THR,77,CB,HIS,66,CB,0.44425612688064575,cdr2b,mhc_alpha
THR,77,CB,HIS,66,CG,0.4238513708114624,cdr2b,mhc_alpha
THR,77,CB,HIS,66,ND1,0.3242267370223999,cdr2b,mhc_alpha
THR,77,CB,HIS,66,CD2,0.5346343517303467,cdr2b,mhc_alpha
THR,77,CB,HIS,66,CE1,0.4054532051086426,cdr2b,mhc_alpha
THR,77,CB,HIS,66,NE2,0.5230194330215454,cdr2b,mhc_alpha
THR,77,CB,ASN,69,ND2,0.5889836549758911,cdr2b,mhc_alpha
THR,77,OG1,HIS,66,CB,0.5659064650535583,cdr2b,mhc_alpha
THR,77,OG1,HIS,66,CG,0.5209424495697021,cdr2b,mhc_alpha
THR,77,OG1,HIS,66,ND1,0.40467050671577454,cdr2b,mhc_alpha
THR,77,OG1,HIS,66,CE1,0.44861146807670593,cdr2b,mhc_alpha
THR,77,OG1,HIS,66,NE2,0.5728707909584045,cdr2b,mhc_alpha
THR,77,CG2,HIS,66,CB,0.45681440830230713,cdr2b,mhc_alpha
THR,77,CG2,HIS,66,CG,0.47950485348701477,cdr2b,mhc_alpha
THR,77,CG2,HIS,66,ND1,0.41524332761764526,cdr2b,mhc_alpha
THR,77,CG2,HIS,66,CE1,0.5158513188362122,cdr2b,mhc_alpha
THR,77,CG2,ASN,69,CG,0.597531259059906,cdr2b,mhc_alpha
THR,77,CG2,ASN,69,ND2,0.4851904511451721,cdr2b,mhc_alpha
ALA,80,CB,GLN,55,NE2,0.49662595987319946,cdr2b,mhc_alpha
ALA,80,CB,ARG,59,CB,0.470867782831192,cdr2b,mhc_alpha
ALA,80,CB,ARG,59,CG,0.47752970457077026,cdr2b,mhc_alpha
ALA,80,CB,ALA,62,CB,0.40504395961761475,cdr2b,mhc_alpha
THR,55,CG2,TYR,67,CE2,0.5948912501335144,cdr1b,mhc_beta
THR,55,CG2,TYR,67,OH,0.550017237663269,cdr1b,mhc_beta
